model,condition,image_id,file_name,latency_ms,fps,prediction_count_min_score
lightweight,original,224051,000000224051.jpg,171.098,5.8446,10
lightweight,original,157365,000000157365.jpg,154.504,6.4723,44
lightweight,original,507797,000000507797.jpg,217.784,4.5917,141
lightweight,original,177934,000000177934.jpg,200.111,4.9972,277
lightweight,original,572555,000000572555.jpg,93.389,10.7079,5
lightweight,original,135670,000000135670.jpg,102.081,9.7962,15
lightweight,original,319607,000000319607.jpg,164.109,6.0935,300
lightweight,original,122166,000000122166.jpg,99.721,10.028,123
lightweight,original,200667,000000200667.jpg,106.006,9.4334,2
lightweight,original,115946,000000115946.jpg,126.046,7.9336,289
lightweight,original,237928,000000237928.jpg,101.148,9.8865,0
lightweight,original,219271,000000219271.jpg,113.217,8.8326,190
lightweight,original,327780,000000327780.jpg,80.091,12.4858,0
lightweight,original,308793,000000308793.jpg,89.485,11.175,7
lightweight,original,125778,000000125778.jpg,105.151,9.5102,0
lightweight,original,8211,000000008211.jpg,104.05,9.6108,41
lightweight,original,476704,000000476704.jpg,104.148,9.6018,163
lightweight,original,333745,000000333745.jpg,93.315,10.7164,50
lightweight,original,197658,000000197658.jpg,86.992,11.4953,2
lightweight,original,509451,000000509451.jpg,99.21,10.0796,47
lightweight,original,283038,000000283038.jpg,84.063,11.8958,9
lightweight,original,445658,000000445658.jpg,116.012,8.6198,0
lightweight,original,100723,000000100723.jpg,106.718,9.3705,37
lightweight,original,520301,000000520301.jpg,84.638,11.8151,3
lightweight,original,33759,000000033759.jpg,103.679,9.6452,113
lightweight,original,508370,000000508370.jpg,106.733,9.3691,71
lightweight,original,221754,000000221754.jpg,121.819,8.2089,298
lightweight,original,105249,000000105249.jpg,84.325,11.8589,0
lightweight,original,28993,000000028993.jpg,203.761,4.9077,79
lightweight,original,333697,000000333697.jpg,120.719,8.2837,139
lightweight,original,562561,000000562561.jpg,102.513,9.7549,1
lightweight,original,291791,000000291791.jpg,97.149,10.2934,57
lightweight,original,724,000000000724.jpg,78.675,12.7106,2
lightweight,original,463522,000000463522.jpg,106.436,9.3953,216
lightweight,original,192716,000000192716.jpg,79.833,12.5262,5
lightweight,original,132116,000000132116.jpg,83.244,12.0128,0
lightweight,original,223789,000000223789.jpg,103.163,9.6934,34
lightweight,original,121497,000000121497.jpg,112.587,8.882,61
lightweight,original,98261,000000098261.jpg,75.01,13.3316,0
lightweight,original,441586,000000441586.jpg,137.913,7.2509,175
lightweight,original,129812,000000129812.jpg,98.14,10.1896,3
lightweight,original,32334,000000032334.jpg,104.398,9.5788,66
lightweight,original,146667,000000146667.jpg,103.138,9.6958,144
lightweight,original,124277,000000124277.jpg,91.084,10.9789,38
lightweight,original,11122,000000011122.jpg,120.155,8.3226,53
lightweight,original,222094,000000222094.jpg,95.079,10.5176,193
lightweight,original,456394,000000456394.jpg,107.276,9.3217,74
lightweight,original,74058,000000074058.jpg,109.898,9.0994,160
lightweight,original,210273,000000210273.jpg,94.091,10.628,300
lightweight,original,94751,000000094751.jpg,114.385,8.7424,283
lightweight,original,181816,000000181816.jpg,86.569,11.5514,16
lightweight,original,509008,000000509008.jpg,88.971,11.2396,13
lightweight,original,249219,000000249219.jpg,88.105,11.3501,52
lightweight,original,179265,000000179265.jpg,99.607,10.0395,71
lightweight,original,158548,000000158548.jpg,115.411,8.6647,293
lightweight,original,32941,000000032941.jpg,118.281,8.4545,299
lightweight,original,309391,000000309391.jpg,104.39,9.5795,300
lightweight,original,146498,000000146498.jpg,118.628,8.4297,150
lightweight,original,352582,000000352582.jpg,106.702,9.3719,6
lightweight,original,563653,000000563653.jpg,111.428,8.9744,300
lightweight,original,418696,000000418696.jpg,121.298,8.2441,300
lightweight,original,253835,000000253835.jpg,102.787,9.7289,163
lightweight,original,203317,000000203317.jpg,92.934,10.7603,5
lightweight,original,308631,000000308631.jpg,97.264,10.2813,68
lightweight,original,284698,000000284698.jpg,86.93,11.5035,16
lightweight,original,521405,000000521405.jpg,103.589,9.6536,0
lightweight,original,191013,000000191013.jpg,167.364,5.975,38
lightweight,original,278848,000000278848.jpg,85.284,11.7255,66
lightweight,original,338905,000000338905.jpg,100.07,9.993,48
lightweight,original,59635,000000059635.jpg,88.739,11.269,107
lightweight,original,426166,000000426166.jpg,96.886,10.3215,10
lightweight,original,39484,000000039484.jpg,97.228,10.2851,300
lightweight,original,297343,000000297343.jpg,94.19,10.6168,1
lightweight,original,405970,000000405970.jpg,107.757,9.2801,0
lightweight,original,105912,000000105912.jpg,99.668,10.0333,115
lightweight,original,69213,000000069213.jpg,97.402,10.2668,115
lightweight,original,304396,000000304396.jpg,107.495,9.3028,87
lightweight,original,187585,000000187585.jpg,89.575,11.1638,5
lightweight,original,315187,000000315187.jpg,156.129,6.405,57
lightweight,original,142585,000000142585.jpg,101.129,9.8884,55
lightweight,original,194724,000000194724.jpg,113.341,8.823,0
lightweight,original,213593,000000213593.jpg,95.003,10.526,28
lightweight,original,19109,000000019109.jpg,110.147,9.0788,259
lightweight,original,362682,000000362682.jpg,95.027,10.5234,204
lightweight,original,81394,000000081394.jpg,120.438,8.303,47
lightweight,original,99114,000000099114.jpg,109.719,9.1142,298
lightweight,original,165039,000000165039.jpg,122.922,8.1352,300
lightweight,original,137727,000000137727.jpg,93.664,10.6765,165
lightweight,original,279278,000000279278.jpg,101.07,9.8941,128
lightweight,original,338625,000000338625.jpg,90.065,11.103,108
lightweight,original,144300,000000144300.jpg,93.554,10.689,99
lightweight,original,509258,000000509258.jpg,109.508,9.1317,47
lightweight,original,397327,000000397327.jpg,83.127,12.0298,0
lightweight,original,212072,000000212072.jpg,94.008,10.6374,7
lightweight,original,373353,000000373353.jpg,97.107,10.2979,300
lightweight,original,365745,000000365745.jpg,95.55,10.4657,95
lightweight,original,498709,000000498709.jpg,112.174,8.9148,115
lightweight,original,133819,000000133819.jpg,90.977,10.9918,218
lightweight,original,555597,000000555597.jpg,101.582,9.8443,239
lightweight,original,100582,000000100582.jpg,90.612,11.036,0
lightweight,original,461405,000000461405.jpg,80.227,12.4646,0
lightweight,original,274272,000000274272.jpg,87.681,11.4049,44
lightweight,original,231088,000000231088.jpg,79.165,12.6318,1
lightweight,original,256192,000000256192.jpg,98.016,10.2024,253
lightweight,original,399205,000000399205.jpg,194.121,5.1514,151
lightweight,original,254814,000000254814.jpg,101.732,9.8297,300
lightweight,original,213605,000000213605.jpg,90.174,11.0896,25
lightweight,original,427055,000000427055.jpg,101.239,9.8776,145
lightweight,original,114907,000000114907.jpg,117.464,8.5132,84
lightweight,original,380913,000000380913.jpg,98.982,10.1029,55
lightweight,original,147338,000000147338.jpg,85.411,11.7081,16
lightweight,original,88265,000000088265.jpg,104.518,9.5678,1
lightweight,original,436883,000000436883.jpg,94.897,10.5377,157
lightweight,original,154431,000000154431.jpg,105.2,9.5057,0
lightweight,original,565469,000000565469.jpg,102.847,9.7232,0
lightweight,original,483531,000000483531.jpg,99.671,10.033,0
lightweight,original,225946,000000225946.jpg,88.372,11.3159,0
lightweight,original,479912,000000479912.jpg,88.007,11.3627,130
lightweight,original,15440,000000015440.jpg,94.656,10.5645,29
lightweight,original,266400,000000266400.jpg,91.54,10.9242,114
lightweight,original,42628,000000042628.jpg,117.806,8.4885,90
lightweight,original,245513,000000245513.jpg,81.231,12.3106,0
lightweight,original,545730,000000545730.jpg,113.526,8.8086,0
lightweight,original,570456,000000570456.jpg,116.743,8.5658,0
lightweight,original,480021,000000480021.jpg,103.739,9.6396,151
lightweight,original,322724,000000322724.jpg,104.895,9.5334,18
lightweight,original,31817,000000031817.jpg,101.878,9.8156,101
lightweight,original,252332,000000252332.jpg,71.074,14.0699,1
lightweight,original,8762,000000008762.jpg,115.821,8.634,300
lightweight,original,76417,000000076417.jpg,86.503,11.5602,10
lightweight,original,389381,000000389381.jpg,112.774,8.8673,0
lightweight,original,370208,000000370208.jpg,81.51,12.2684,2
lightweight,original,357081,000000357081.jpg,83.761,11.9388,0
lightweight,original,255749,000000255749.jpg,87.053,11.4873,69
lightweight,original,361103,000000361103.jpg,96.753,10.3356,290
lightweight,original,259625,000000259625.jpg,89.746,11.1426,0
lightweight,original,111086,000000111086.jpg,98.206,10.1826,51
lightweight,original,97994,000000097994.jpg,100.211,9.9789,0
lightweight,original,571008,000000571008.jpg,73.076,13.6844,1
lightweight,original,309173,000000309173.jpg,68.041,14.6971,1
lightweight,original,540414,000000540414.jpg,96.173,10.3979,115
lightweight,original,145020,000000145020.jpg,104.181,9.5987,42
lightweight,original,511599,000000511599.jpg,112.344,8.9012,125
lightweight,original,147745,000000147745.jpg,136.166,7.344,2
lightweight,original,145620,000000145620.jpg,101.298,9.8719,9
lightweight,original,7386,000000007386.jpg,98.882,10.113,34
lightweight,original,520009,000000520009.jpg,87.321,11.452,82
lightweight,original,239347,000000239347.jpg,97.589,10.247,74
lightweight,original,210394,000000210394.jpg,95.406,10.4815,276
lightweight,original,460347,000000460347.jpg,79.025,12.6543,18
lightweight,original,543043,000000543043.jpg,100.684,9.932,275
lightweight,original,184324,000000184324.jpg,102.669,9.7401,121
lightweight,original,91619,000000091619.jpg,94.157,10.6206,1
lightweight,original,308430,000000308430.jpg,103.676,9.6455,3
lightweight,original,449996,000000449996.jpg,102.249,9.7801,31
lightweight,original,442456,000000442456.jpg,105.383,9.4892,118
lightweight,original,436738,000000436738.jpg,112.19,8.9134,171
lightweight,original,82765,000000082765.jpg,111.399,8.9767,0
lightweight,original,460229,000000460229.jpg,83.309,12.0035,3
lightweight,original,54967,000000054967.jpg,100.852,9.9156,300
lightweight,original,391144,000000391144.jpg,86.26,11.5928,0
lightweight,original,15338,000000015338.jpg,102.954,9.7131,256
lightweight,original,276055,000000276055.jpg,100.989,9.902,7
lightweight,original,293794,000000293794.jpg,102.056,9.7986,114
lightweight,original,332318,000000332318.jpg,124.697,8.0194,10
lightweight,original,151820,000000151820.jpg,95.82,10.4362,54
lightweight,original,172856,000000172856.jpg,81.715,12.2377,1
lightweight,original,148719,000000148719.jpg,88.518,11.2971,23
lightweight,original,393226,000000393226.jpg,96.054,10.4108,116
lightweight,original,100283,000000100283.jpg,106.127,9.4227,29
lightweight,original,372317,000000372317.jpg,106.092,9.4258,1
lightweight,original,459634,000000459634.jpg,123.883,8.0721,22
lightweight,original,365655,000000365655.jpg,114.764,8.7135,7
lightweight,original,87144,000000087144.jpg,111.481,8.9701,29
lightweight,original,128372,000000128372.jpg,120.434,8.3033,140
lightweight,original,273617,000000273617.jpg,138.698,7.2099,244
lightweight,original,325527,000000325527.jpg,161.859,6.1782,0
lightweight,original,384850,000000384850.jpg,98.941,10.1071,0
lightweight,original,154947,000000154947.jpg,86.11,11.6131,0
lightweight,original,143998,000000143998.jpg,83.108,12.0325,0
lightweight,original,24027,000000024027.jpg,91.572,10.9203,16
lightweight,original,306437,000000306437.jpg,181.694,5.5038,142
lightweight,original,44590,000000044590.jpg,124.935,8.0041,280
lightweight,original,580418,000000580418.jpg,121.31,8.2433,8
lightweight,original,259640,000000259640.jpg,115.908,8.6275,174
lightweight,original,494913,000000494913.jpg,114.319,8.7475,21
lightweight,original,538364,000000538364.jpg,111.445,8.9731,94
lightweight,original,153568,000000153568.jpg,98.679,10.1339,4
lightweight,original,102805,000000102805.jpg,100.014,9.9986,14
lightweight,original,457884,000000457884.jpg,102.75,9.7324,16
lightweight,original,187513,000000187513.jpg,107.623,9.2917,0
lightweight,original,306893,000000306893.jpg,119.07,8.3984,248
lightweight,original,550426,000000550426.jpg,112.134,8.9179,0
lightweight,original,142324,000000142324.jpg,111.956,8.932,297
lightweight,original,416170,000000416170.jpg,128.517,7.7811,0
lightweight,original,190753,000000190753.jpg,102.106,9.7937,153
lightweight,original,166747,000000166747.jpg,105.298,9.4968,143
lightweight,original,352900,000000352900.jpg,99.18,10.0827,0
lightweight,original,466416,000000466416.jpg,102.167,9.7879,98
lightweight,original,403565,000000403565.jpg,84.819,11.7899,9
